{"by_category": {"4-Wheeler": 101844, "Other": 97620, "2-Wheeler": 97532, "Heavy Vehicle": 1286}, "by_type": {"SCOOTER": 95421, "CAR": 87547, "MOTOR CYCLE": 41246, "PASSENGER AUTO": 37562, "MAXI-CAB": 11829, "LGV": 8283, "GOODS AUTO": 2974, "MOPED": 2111, "PRIVATE BUS": 1654, "VAN": 1522, "TEMPO": 1286, "BUS (BMTC/KSRTC)": 1244, "HGV": 1167, "LORRY/GOODS VEHICLE": 1135, "JEEP": 946}, "severity_by_vehicle": {"2-Wheeler": 3.505106016486897, "4-Wheeler": 3.622324339185421, "Heavy Vehicle": 3.7037325038880247, "Other": 3.5290514238885473}, "peak_hour_by_vehicle": {"2-Wheeler": 0.1526780953943321, "4-Wheeler": 0.19409096264875692, "Heavy Vehicle": 0.2130637636080871, "Other": 0.17645974185617702}}